,,,,,,
Domain,,,,,,
facebook.com,,,,,,
google.com,,,,,,
youtube.com,,,,,,
vk.com,,,,,,
yahoo.com,,,,,,
live.com,,,,,,
instagram.com,,,,,,
ok.ru,,,,,,
wikipedia.org,,,,,,
yandex.ru,,,,,,
twitter.com,,,,,,
google.com.br,,,,,,
mail.ru,,,,,,
amazon.com,,,,,,
google.co.uk,,,,,,
baidu.com,,,,,,
google.co.in,,,,,,
google.fr,,,,,,
google.co.jp,,,,,,
google.de,,,,,,
msn.com,,,,,,
google.ru,,,,,,
google.pl,,,,,,
xvideos.com,,,,,,
reddit.com,,,,,,
google.com.tr,,,,,,
netflix.com,,,,,,
google.es,,,,,,
tumblr.com,,,,,,
ebay.com,,,,,,
linkedin.com,,,,,,
bing.com,,,,,,
google.ca,,,,,,
google.it,,,,,,
google.com.mx,,,,,,
yahoo.co.jp,,,,,,
aliexpress.com,,,,,,
xhamster.com,,,,,,
pinterest.com,,,,,,
pornhub.com,,,,,,
qq.com,,,,,,
google.com.ar,,,,,,
taobao.com,,,,,,
wordpress.com,,,,,,
microsoft.com,,,,,,
imgur.com,,,,,,
kat.cr,,,,,,
imdb.com,,,,,,
t.co,,,,,,
craigslist.org,,,,,,